INSERT INTO Proces_Produkcyjny (ID_Zamowienie_produkty,ID_Proces_Technologiczny, Data_Rozpoczecia, Data_Zakonczenia, ID_Dokumentacja_Proces, Uwagi)
VALUES
(1, 1, '2020-04-12 09:21:15', '2020-04-14 19:00:00', 1, 'brak uwag'),
(2, 2, '2020-04-13 06:30:00', '2020-04-14 08:30:00', 2, 'brak uwag'),
(3, 3, '2020-04-14 09:30:00', '2020-04-19 13:35:01', 3, 'brak uwag'),
(4, 4, '2020-04-20 12:20:00', '2020-04-21 13:15:00', 4, 'brak uwag'),
(5, 5, '2020-04-22 09:25:00', '2020-04-23 21:45:00', 5, 'brak uwag'),
(6, 6, '2020-04-22', '2020-04-23', 6, 'brak uwag');

INSERT INTO Material_Na_Produkcji (ID_Procesu_Produkcyjnego, ID_Element, Liczba, ID_Jednostka, Odpad)
VALUES
(1, 2, 15, 4, 0.5), 
(1, 4, 30, 8, 0), 
(2, 2, 20, 4, 1.2), 
(3, 3, 33, 3, 1.5), 
(3, 4, 40, 8, 0), 
(4, 2, 50, 4, 1), 
(5, 2, 30, 4, 2.5), 
(6, 2, 50, 4, 1.5), 
(6, 4, 15, 8, 1); 

INSERT INTO Realizacja_Procesu (ID_Procesu_Produkcyjnego, ID_Etapu, Data_Rozpoczecia_Procesu, Data_Zakonczenia_Procesu, Data_Kontroli, Uwagi_Kontroli)
VALUES
(1, 1, '2020-04-12 09:21:15', '2020-04-12 10:21:15', '2020-04-12 10:25:00', 'brak uwag'),
(1, 2, '2020-04-12 10:30:19', '2020-04-12 12:34:12', '2020-04-12 12:36:00', 'brak uwag'),
(1, 3, '2020-04-12 12:37:15', '2020-04-12 15:38:00', '2020-04-12 15:40:00', 'brak uwag'),
(1, 4, '2020-04-12 15:42:00', '2020-04-12 19:38:00', '2020-04-12 19:42:00', 'brak uwag'),
(1, 5, '2020-04-12 19:45:00', '2020-04-13 08:50:00', '2020-04-13 08:53:00', 'brak uwag'),
(1, 6, '2020-04-13 08:55:00', '2020-04-13 13:01:00', '2020-04-13 13:04:00', 'brak uwag'),
(1, 7, '2020-04-13 13:10:00', '2020-04-13 18:02:00', '2020-04-13 18:05:00', 'brak uwag'),
(1, 8, '2020-04-13 18:09:00', '2020-04-14 07:52:15', '2020-04-14 07:58:00', 'brak uwag'),
(1, 9, '2020-04-14 08:00:05', '2020-04-14 13:12:00', '2020-04-14 13:20:00', 'brak uwag'),
(1, 10, '2020-04-14 13:25:15', '2020-04-14 18:40:00', '2020-04-14 18:45:00', 'brak uwag'),
(2, 1, '2020-04-13 06:30:00', '2020-04-13 07:30:00','2020-04-13 07:35:00','brak uwag'),
(2, 2, '2020-04-13 07:41:00', '2020-04-13 09:50:00','2020-04-13 09:55:00','brak uwag'),
(2, 3, '2020-04-13 10:00:00', '2020-04-13 13:11:00','2020-04-13 13:14:00','brak uwag'),
(2, 5, '2020-04-13 13:30:00', '2020-04-13 18:25:00','2020-04-13 18:27:00','brak uwag'),
(2, 8, '2020-04-13 18:40:00', '2020-04-14 07:50:00','2020-04-14 08:01:00','brak uwag'),
(3, 1, '2020-04-14 09:30:01', '2020-04-14 10:30:01', '2020-04-14 13:00:01', 'brak uwag;'),
(3, 2, '2020-04-14 14:20:01', '2020-04-14 16:20:01', '2020-04-14 16:00:01', 'brak uwag;'),
(3, 3, '2020-04-14 17:40:01', '2020-04-14 20:40:01', '2020-04-14 21:00:01', 'brak uwag;'),
(3, 4, '2020-04-15 06:30:01', '2020-04-15 10:30:01', '2020-04-15 12:00:01', 'brak uwag;'),
(3, 5, '2020-04-15 13:20:01', '2020-04-15 18:20:01', '2020-04-15 19:00:01', 'brak uwag;'),
(3, 6, '2020-04-16 10:30:01', '2020-04-16 15:30:01', '2020-04-16 17:00:01', 'brak uwag;'),
(3, 7, '2020-04-17 07:30:01', '2020-04-17 12:30:01', '2020-04-17 14:00:01', 'brak uwag;'),
(3, 8, '2020-04-17 15:40:01', '2020-04-17 20:40:01', '2020-04-17 21:00:01', 'brak uwag;'),
(3, 9, '2020-04-18 08:30:01', '2020-04-18 13:30:01', '2020-04-18 14:00:01', 'brak uwag;'),
(3, 10, '2020-04-19 07:22:01', '2020-04-19 12:22:01', '2020-04-19 13:22:01', 'brak uwag;'),
(4, 1, '2020-04-20 12:20:00','2020-04-20 13:15:00', '2020-04-20 13:21:00','brak uwag'),
(4, 2, '2020-04-20 13:24:00','2020-04-20 15:26:00', '2020-04-20 15:30:00','brak uwag'),
(4, 3, '2020-04-20 15:35:00','2020-04-20 18:30:00', '2020-04-20 18:32:00','brak uwag'),
(4, 5, '2020-04-20 18:36:00','2020-04-21 17:40:00', '2020-04-21 17:45:00','brak uwag'),
(4, 8, '2020-04-21 07:50:00','2020-04-21 13:02:00', '2020-04-21 13:08:00','brak uwag');

INSERT INTO Przydzial_Zasobow (ID_Realizacji_Procesu, ID_Pracownika , ID_Maszyny)
VALUES
(1, 1, 10),
(1, 2, 11),
(2, 9, 18),
(3, 5, 1),
(3, 6, 2);

INSERT INTO Zapotrzebowanie_Opakowan (ID_Procesu_Produkcyjnego, ID_Element, Liczba, Czy_Otrzymano, Uwagi)
VALUES
(1, 11, 300, 1, 'brak uwag'), 
(1, 10, 10, 1, 'brak uwag'),
(2, 11, 500, 1, 'brak uwag'),
(2, 10, 8, 1, 'brak uwag'),
(3, 11, 500, 1, 'brak uwag'),
(3, 10, 10, 1, 'brak uwag'),
(4, 11, 270, 1, 'brak uwag'),
(4, 10, 10, 1, 'brak uwag');

INSERT INTO Kontrola_Efektywnosci (ID_Procesu_Produkcyjnego, Data_Kontroli, Dokument, Uwagi, Zgodnosc_Zamowienia , Liczba_Poprawnych, Liczba_Blednych)
VALUES
(1, '2020-04-14 18:50:00', 'dok_1.img', 'brak uwag', 1, 300, 0),
(2, '2020-04-14 08:30:00', 'dok_2.img', 'brak uwag', 1, 505, 4),
(3, '2020-04-19 13:30:01', 'dok_3.img', 'brak uwag', 1, 500, 0),
(4, '2020-04-21 13:15:00', 'dok_4.img', 'brak uwag', 1, 280, 5),
(5, '2020-04-23 21:40:00', 'dok_4.img', 'brak uwag', 1, 103, 1);


CREATE VIEW Kontrola AS SELECT Data_Kontroli FROM Kontrola_Efektywnosci;